<group name="windows,">
<rule id="200052" level="8" timeframe="60" frequency="6">
    <if_matched_sid>20012</if_matched_sid>
    <description>Multiple users Deleted in short time. </description>
    <description>Windows: User account $(EventChannel.EventData.TargetUserName) disabled or deleted.</description>
    <options>no_full_log</options>
    <group>adduser,account_changed,pci_dss_8.1.2,pci_dss_10.2.5,gpg13_7.10,gdpr_IV_35.7.d,gdpr_IV_32.2,</group>
  </rule>
</group>

<group name="windows,">
<rule id="200050" level="8" timeframe="45" frequency="5">
    <if_matched_sid>20010</if_matched_sid>
    <description>Multiple users Created in short time. </description>
    <description>Windows: User account $(EventChannel.EventData.TargetUserName) created.</description>
    <options>no_full_log</options>
    <group>adduser,account_changed,pci_dss_8.1.2,pci_dss_10.2.5,gpg13_7.10,gdpr_IV_35.7.d,gdpr_IV_32.2,</group>
  </rule>
</group>

